<?xml version="1.0" encoding="UTF-8"?>
<project-private xmlns="http://www.netbeans.org/ns/project-private/1">
    <editor-bookmarks xmlns="http://www.netbeans.org/ns/editor-bookmarks/2" lastBookmarkId="0"/>
    <open-files xmlns="http://www.netbeans.org/ns/projectui-open-files/2">
        <group>
            <file>file:/C:/Users/Usuario/OneDrive/Documentos/Programacion/Ejercicio/src/Vista/JPanel2_Vista.java</file>
            <file>file:/C:/Users/Usuario/OneDrive/Documentos/Programacion/Ejercicio/src/Vista/JPanel1_Vista.java</file>
            <file>file:/C:/Users/Usuario/OneDrive/Documentos/Programacion/Ejercicio/src/Vista/InicioSesion_Vista.java</file>
            <file>file:/C:/Users/Usuario/OneDrive/Documentos/Programacion/Ejercicio/src/Vista/VentanaPrincipal_Vista.java</file>
            <file>file:/C:/Users/Usuario/OneDrive/Documentos/Programacion/Ejercicio/src/Main/Main.java</file>
        </group>
    </open-files>
</project-private>
